-- food list
insert into food(idx, name_source, type, image, food_key) values (13, "clear_chicken_soup_name", 100, "{#rroot}/img/icon.png", "clear_chicken_soup");
insert into food(idx, name_source, type, image, food_key) values (14, "clear_beef_soup_name", 100, "{#rroot}/img/icon.png", "clear_beef_soup");
insert into food(idx, name_source, type, image, food_key) values (15, "goulash_soup_name", 100, "{#rroot}/img/icon.png", "goulash_soup");
insert into food(idx, name_source, type, image, food_key) values (16, "fried_meat_soup_name", 100, "{#rroot}/img/icon.png", "fried_meat_soup");
insert into food(idx, name_source, type, image, food_key) values (17, "stew_soup_name", 100, "{#rroot}/img/icon.png", "stew_soup");
insert into food(idx, name_source, type, image, food_key) values (18, "sauerkraut_juice_soup_name", 100, "{#rroot}/img/icon.png", "sauerkraut_juice_soup");
insert into food(idx, name_source, type, image, food_key) values (19, "sauerkraut_soup_name", 100, "{#rroot}/img/icon.png", "sauerkraut_soup");
insert into food(idx, name_source, type, image, food_key) values (20, "cabbage_soup_name", 100, "{#rroot}/img/icon.png", "cabbage_soup");
insert into food(idx, name_source, type, image, food_key) values (21, "stuffed_peppers_name", 100, "{#rroot}/img/icon.png", "stuffed_peppers");
insert into food(idx, name_source, type, image, food_key) values (22, "stuffed_leaves_name", 100, "{#rroot}/img/icon.png", "stuffed_leaves");
insert into food(idx, name_source, type, image, food_key) values (23, "stuffed_squash_name", 100, "{#rroot}/img/icon.png", "stuffed_squash");
insert into food(idx, name_source, type, image, food_key) values (24, "stuffed_kohlrabi_name", 100, "{#rroot}/img/icon.png", "stuffed_kohlrabi");
insert into food(idx, name_source, type, image, food_key) values (25, "stuffed_onion_name", 100, "{#rroot}/img/icon.png", "stuffed_onion");
insert into food(idx, name_source, type, image, food_key) values (26, "bean_soup_with_tomato_name", 100, "{#rroot}/img/icon.png", "bean_soup_with_tomato");
insert into food(idx, name_source, type, image, food_key) values (27, "bean_soup_with_tarragon_name", 100, "{#rroot}/img/icon.png", "bean_soup_with_tarragon");
insert into food(idx, name_source, type, image, food_key) values (28, "horseradish_soup_name", 100, "{#rroot}/img/icon.png", "horseradish_soup");
insert into food(idx, name_source, type, image, food_key) values (29, "potato_soup_with_tarragon_name", 100, "{#rroot}/img/icon.png", "potato_soup_with_tarragon");
insert into food(idx, name_source, type, image, food_key) values (30, "lamb_soup_with_tarragon_name", 100, "{#rroot}/img/icon.png", "lamb_soup_with_tarragon");
insert into food(idx, name_source, type, image, food_key) values (31, "lettuce_soup_with_meat_name", 100, "{#rroot}/img/icon.png", "lettuce_soup_with_meat");
insert into food(idx, name_source, type, image, food_key) values (32, "bean___lettuce_soup_name", 100, "{#rroot}/img/icon.png", "bean___lettuce_soup");
insert into food(idx, name_source, type, image, food_key) values (33, "lettuce_soup_with_eggs_name", 100, "{#rroot}/img/icon.png", "lettuce_soup_with_eggs");
insert into food(idx, name_source, type, image, food_key) values (34, "spinach_soup_name", 100, "{#rroot}/img/icon.png", "spinach_soup");
insert into food(idx, name_source, type, image, food_key) values (35, "cauliflower_soup_name", 100, "{#rroot}/img/icon.png", "cauliflower_soup");
insert into food(idx, name_source, type, image, food_key) values (36, "garlic_soup_name", 100, "{#rroot}/img/icon.png", "garlic_soup");
insert into food(idx, name_source, type, image, food_key) values (37, "bread_soup_name", 100, "{#rroot}/img/icon.png", "bread_soup");
insert into food(idx, name_source, type, image, food_key) values (38, "thick_vegetable_soup_name", 100, "{#rroot}/img/icon.png", "thick_vegetable_soup");
insert into food(idx, name_source, type, image, food_key) values (39, "the_fastest_lettuce_soup_ever_name", 100, "{#rroot}/img/icon.png", "the_fastest_lettuce_soup_ever");
insert into food(idx, name_source, type, image, food_key) values (40, "french_bean_soup_name", 100, "{#rroot}/img/icon.png", "french_bean_soup");
insert into food(idx, name_source, type, image, food_key) values (41, "egg_soup_from_transylvania_name", 100, "{#rroot}/img/icon.png", "egg_soup_from_transylvania");
insert into food(idx, name_source, type, image, food_key) values (42, "amazingly_simple_potato_soup_name", 100, "{#rroot}/img/icon.png", "amazingly_simple_potato_soup");
insert into food(idx, name_source, type, image, food_key) values (43, "cabbage_tomato_soup_name", 100, "{#rroot}/img/icon.png", "cabbage_tomato_soup");
insert into food(idx, name_source, type, image, food_key) values (44, "sour_mushroom_soup_name", 100, "{#rroot}/img/icon.png", "sour_mushroom_soup");
insert into food(idx, name_source, type, image, food_key) values (45, "mushroom_soup_name", 100, "{#rroot}/img/icon.png", "mushroom_soup");
insert into food(idx, name_source, type, image, food_key) values (46, "tomato_soup_name", 100, "{#rroot}/img/icon.png", "tomato_soup");
insert into food(idx, name_source, type, image, food_key) values (47, "tiny_flour_dumpling_soup_name", 100, "{#rroot}/img/icon.png", "tiny_flour_dumpling_soup");
insert into food(idx, name_source, type, image, food_key) values (48, "apple_soup_name", 100, "{#rroot}/img/icon.png", "apple_soup");
insert into food(idx, name_source, type, image, food_key) values (49, "sour_cherry_soup_name", 100, "{#rroot}/img/icon.png", "sour_cherry_soup");
insert into food(idx, name_source, type, image, food_key) values (50, "dried_prune_soup_name", 100, "{#rroot}/img/icon.png", "dried_prune_soup");
insert into food(idx, name_source, type, image, food_key) values (52, "meatball_soup_name", 100, "{#rroot}/img/icon.png", "meatball_soup");
insert into food(idx, name_source, type, image, food_key) values (53, "meatball_soup_with_tarragon_name", 100, "{#rroot}/img/icon.png", "meatball_soup_with_tarragon");
insert into food(idx, name_source, type, image, food_key) values (54, "chicken_soup_with_vegetables_name", 100, "{#rroot}/img/icon.png", "chicken_soup_with_vegetables");
-- translations for food
insert into translations(source, gb) values ("clear_chicken_soup_name", "Clear chicken soup");
insert into translations(source, gb) values ("clear_beef_soup_name", "Clear beef soup");
insert into translations(source, gb) values ("goulash_soup_name", "Goulash soup");
insert into translations(source, gb) values ("fried_meat_soup_name", "Fried meat soup");
insert into translations(source, gb) values ("stew_soup_name", "Stew soup");
insert into translations(source, gb) values ("sauerkraut_juice_soup_name", "Sauerkraut juice soup");
insert into translations(source, gb) values ("sauerkraut_soup_name", "Sauerkraut soup");
insert into translations(source, gb) values ("cabbage_soup_name", "Cabbage soup");
insert into translations(source, gb) values ("stuffed_peppers_name", "Stuffed peppers");
insert into translations(source, gb) values ("stuffed_leaves_name", "Stuffed leaves");
insert into translations(source, gb) values ("stuffed_squash_name", "Stuffed squash");
insert into translations(source, gb) values ("stuffed_kohlrabi_name", "Stuffed kohlrabi");
insert into translations(source, gb) values ("stuffed_onion_name", "Stuffed onion");
insert into translations(source, gb) values ("bean_soup_with_tomato_name", "Bean soup with tomato");
insert into translations(source, gb) values ("bean_soup_with_tarragon_name", "Bean soup with tarragon");
insert into translations(source, gb) values ("horseradish_soup_name", "Horseradish soup");
insert into translations(source, gb) values ("potato_soup_with_tarragon_name", "Potato soup with tarragon");
insert into translations(source, gb) values ("lamb_soup_with_tarragon_name", "Lamb soup with tarragon");
insert into translations(source, gb) values ("lettuce_soup_with_meat_name", "Lettuce soup with meat");
insert into translations(source, gb) values ("bean___lettuce_soup_name", "Bean – lettuce soup");
insert into translations(source, gb) values ("lettuce_soup_with_eggs_name", "Lettuce soup with eggs");
insert into translations(source, gb) values ("spinach_soup_name", "Spinach soup");
insert into translations(source, gb) values ("cauliflower_soup_name", "Cauliflower soup");
insert into translations(source, gb) values ("garlic_soup_name", "Garlic soup");
insert into translations(source, gb) values ("bread_soup_name", "Bread soup");
insert into translations(source, gb) values ("thick_vegetable_soup_name", "Thick vegetable soup");
insert into translations(source, gb) values ("the_fastest_lettuce_soup_ever_name", "The fastest lettuce soup ever");
insert into translations(source, gb) values ("french_bean_soup_name", "French bean soup");
insert into translations(source, gb) values ("egg_soup_from_transylvania_name", "Egg soup from Transylvania");
insert into translations(source, gb) values ("amazingly_simple_potato_soup_name", "Amazingly simple potato soup");
insert into translations(source, gb) values ("cabbage_tomato_soup_name", "Cabbage-tomato soup");
insert into translations(source, gb) values ("sour_mushroom_soup_name", "Sour mushroom soup");
insert into translations(source, gb) values ("mushroom_soup_name", "Mushroom soup");
insert into translations(source, gb) values ("tomato_soup_name", "Tomato soup");
insert into translations(source, gb) values ("tiny_flour_dumpling_soup_name", "Tiny flour dumpling soup");
insert into translations(source, gb) values ("apple_soup_name", "Apple soup");
insert into translations(source, gb) values ("sour_cherry_soup_name", "Sour cherry soup");
insert into translations(source, gb) values ("dried_prune_soup_name", "Dried prune soup");
insert into translations(source, gb) values ("meatball_soup_name", "Meatball soup");
insert into translations(source, gb) values ("meatball_soup_with_tarragon_name", "Meatball soup with tarragon");
insert into translations(source, gb) values ("chicken_soup_with_vegetables_name", "Chicken soup with vegetables");
-- tags of ingredients to food
insert into tags(food_id, ingredient_id) values (13, 35); -- chicken / Clear chicken soup
insert into tags(food_id, ingredient_id) values (13, 15); -- bones / Clear chicken soup
insert into tags(food_id, ingredient_id) values (13, 187); -- wings / Clear chicken soup
insert into tags(food_id, ingredient_id) values (13, 25); -- carrot / Clear chicken soup
insert into tags(food_id, ingredient_id) values (13, 30); -- celery / Clear chicken soup
insert into tags(food_id, ingredient_id) values (13, 101); -- mushrooms / Clear chicken soup
insert into tags(food_id, ingredient_id) values (13, 31); -- champignon / Clear chicken soup
insert into tags(food_id, ingredient_id) values (13, 138); -- salt / Clear chicken soup
insert into tags(food_id, ingredient_id) values (13, 118); -- pepper / Clear chicken soup
insert into tags(food_id, ingredient_id) values (13, 113); -- parsley / Clear chicken soup
insert into tags(food_id, ingredient_id) values (13, 52); -- egg / Clear chicken soup
insert into tags(food_id, ingredient_id) values (13, 60); -- flour / Clear chicken soup
insert into tags(food_id, ingredient_id) values (13, 181); -- water / Clear chicken soup
insert into tags(food_id, ingredient_id) values (14, 95); -- marrowbone / Clear beef soup
insert into tags(food_id, ingredient_id) values (14, 110); -- oxtail / Clear beef soup
insert into tags(food_id, ingredient_id) values (14, 13); -- beef / Clear beef soup
insert into tags(food_id, ingredient_id) values (14, 106); -- onion / Clear beef soup
insert into tags(food_id, ingredient_id) values (14, 62); -- garlic / Clear beef soup
insert into tags(food_id, ingredient_id) values (14, 40); -- cloves / Clear beef soup
insert into tags(food_id, ingredient_id) values (14, 118); -- pepper / Clear beef soup
insert into tags(food_id, ingredient_id) values (14, 138); -- salt / Clear beef soup
insert into tags(food_id, ingredient_id) values (14, 26); -- carrots / Clear beef soup
insert into tags(food_id, ingredient_id) values (14, 113); -- parsley / Clear beef soup
insert into tags(food_id, ingredient_id) values (14, 112); -- paprika / Clear beef soup
insert into tags(food_id, ingredient_id) values (14, 81); -- kohlrabi / Clear beef soup
insert into tags(food_id, ingredient_id) values (14, 30); -- celery / Clear beef soup
insert into tags(food_id, ingredient_id) values (15, 106); -- onion / Goulash soup
insert into tags(food_id, ingredient_id) values (15, 13); -- beef / Goulash soup
insert into tags(food_id, ingredient_id) values (15, 124); -- potato / Goulash soup
insert into tags(food_id, ingredient_id) values (15, 138); -- salt / Goulash soup
insert into tags(food_id, ingredient_id) values (15, 118); -- pepper / Goulash soup
insert into tags(food_id, ingredient_id) values (15, 112); -- paprika / Goulash soup
insert into tags(food_id, ingredient_id) values (15, 161); -- tagliatelle / Goulash soup
insert into tags(food_id, ingredient_id) values (15, 166); -- tomato / Goulash soup
insert into tags(food_id, ingredient_id) values (15, 48); -- cumin / Goulash soup
insert into tags(food_id, ingredient_id) values (16, 97); -- meat / Fried meat soup
insert into tags(food_id, ingredient_id) values (16, 122); -- pork / Fried meat soup
insert into tags(food_id, ingredient_id) values (16, 13); -- beef / Fried meat soup
insert into tags(food_id, ingredient_id) values (16, 35); -- chicken / Fried meat soup
insert into tags(food_id, ingredient_id) values (16, 8); -- bacon / Fried meat soup
insert into tags(food_id, ingredient_id) values (16, 106); -- onion / Fried meat soup
insert into tags(food_id, ingredient_id) values (16, 60); -- flour / Fried meat soup
insert into tags(food_id, ingredient_id) values (16, 104); -- oil / Fried meat soup
insert into tags(food_id, ingredient_id) values (16, 138); -- salt / Fried meat soup
insert into tags(food_id, ingredient_id) values (16, 118); -- pepper / Fried meat soup
insert into tags(food_id, ingredient_id) values (16, 179); -- vinegar / Fried meat soup
insert into tags(food_id, ingredient_id) values (16, 124); -- potato / Fried meat soup
insert into tags(food_id, ingredient_id) values (17, 138); -- salt / Stew soup
insert into tags(food_id, ingredient_id) values (17, 118); -- pepper / Stew soup
insert into tags(food_id, ingredient_id) values (17, 179); -- vinegar / Stew soup
insert into tags(food_id, ingredient_id) values (17, 106); -- onion / Stew soup
insert into tags(food_id, ingredient_id) values (17, 13); -- beef / Stew soup
insert into tags(food_id, ingredient_id) values (17, 82); -- lamb / Stew soup
insert into tags(food_id, ingredient_id) values (17, 122); -- pork / Stew soup
insert into tags(food_id, ingredient_id) values (17, 124); -- potato / Stew soup
insert into tags(food_id, ingredient_id) values (17, 112); -- paprika / Stew soup
insert into tags(food_id, ingredient_id) values (17, 99); -- milk / Stew soup
insert into tags(food_id, ingredient_id) values (17, 60); -- flour / Stew soup
insert into tags(food_id, ingredient_id) values (17, 164); -- thickening / Stew soup
insert into tags(food_id, ingredient_id) values (18, 140); -- sauerkraut / Sauerkraut juice soup
insert into tags(food_id, ingredient_id) values (18, 75); -- juice / Sauerkraut juice soup
insert into tags(food_id, ingredient_id) values (18, 122); -- pork / Sauerkraut juice soup
insert into tags(food_id, ingredient_id) values (18, 55); -- fat / Sauerkraut juice soup
insert into tags(food_id, ingredient_id) values (18, 25); -- carrot / Sauerkraut juice soup
insert into tags(food_id, ingredient_id) values (18, 166); -- tomato / Sauerkraut juice soup
insert into tags(food_id, ingredient_id) values (18, 106); -- onion / Sauerkraut juice soup
insert into tags(food_id, ingredient_id) values (18, 104); -- oil / Sauerkraut juice soup
insert into tags(food_id, ingredient_id) values (18, 60); -- flour / Sauerkraut juice soup
insert into tags(food_id, ingredient_id) values (18, 138); -- salt / Sauerkraut juice soup
insert into tags(food_id, ingredient_id) values (18, 118); -- pepper / Sauerkraut juice soup
insert into tags(food_id, ingredient_id) values (18, 133); -- rice / Sauerkraut juice soup
insert into tags(food_id, ingredient_id) values (18, 52); -- egg / Sauerkraut juice soup
insert into tags(food_id, ingredient_id) values (18, 62); -- garlic / Sauerkraut juice soup
insert into tags(food_id, ingredient_id) values (19, 122); -- pork / Sauerkraut soup
insert into tags(food_id, ingredient_id) values (19, 97); -- meat / Sauerkraut soup
insert into tags(food_id, ingredient_id) values (19, 142); -- sausage / Sauerkraut soup
insert into tags(food_id, ingredient_id) values (19, 112); -- paprika / Sauerkraut soup
insert into tags(food_id, ingredient_id) values (19, 38); -- chorizo / Sauerkraut soup
insert into tags(food_id, ingredient_id) values (19, 8); -- bacon / Sauerkraut soup
insert into tags(food_id, ingredient_id) values (19, 140); -- sauerkraut / Sauerkraut soup
insert into tags(food_id, ingredient_id) values (19, 25); -- carrot / Sauerkraut soup
insert into tags(food_id, ingredient_id) values (19, 113); -- parsley / Sauerkraut soup
insert into tags(food_id, ingredient_id) values (19, 106); -- onion / Sauerkraut soup
insert into tags(food_id, ingredient_id) values (19, 62); -- garlic / Sauerkraut soup
insert into tags(food_id, ingredient_id) values (19, 60); -- flour / Sauerkraut soup
insert into tags(food_id, ingredient_id) values (19, 118); -- pepper / Sauerkraut soup
insert into tags(food_id, ingredient_id) values (19, 138); -- salt / Sauerkraut soup
insert into tags(food_id, ingredient_id) values (19, 109); -- oregano / Sauerkraut soup
insert into tags(food_id, ingredient_id) values (19, 144); -- savoury / Sauerkraut soup
insert into tags(food_id, ingredient_id) values (20, 122); -- pork / Cabbage soup
insert into tags(food_id, ingredient_id) values (20, 55); -- fat / Cabbage soup
insert into tags(food_id, ingredient_id) values (20, 23); -- cabbage / Cabbage soup
insert into tags(food_id, ingredient_id) values (20, 26); -- carrots / Cabbage soup
insert into tags(food_id, ingredient_id) values (20, 106); -- onion / Cabbage soup
insert into tags(food_id, ingredient_id) values (20, 99); -- milk / Cabbage soup
insert into tags(food_id, ingredient_id) values (20, 60); -- flour / Cabbage soup
insert into tags(food_id, ingredient_id) values (20, 164); -- thickening / Cabbage soup
insert into tags(food_id, ingredient_id) values (20, 49); -- dill / Cabbage soup
insert into tags(food_id, ingredient_id) values (20, 144); -- savoury / Cabbage soup
insert into tags(food_id, ingredient_id) values (20, 109); -- oregano / Cabbage soup
insert into tags(food_id, ingredient_id) values (20, 138); -- salt / Cabbage soup
insert into tags(food_id, ingredient_id) values (20, 118); -- pepper / Cabbage soup
insert into tags(food_id, ingredient_id) values (20, 179); -- vinegar / Cabbage soup
insert into tags(food_id, ingredient_id) values (20, 112); -- paprika / Cabbage soup
insert into tags(food_id, ingredient_id) values (21, 122); -- pork / Stuffed peppers
insert into tags(food_id, ingredient_id) values (21, 13); -- beef / Stuffed peppers
insert into tags(food_id, ingredient_id) values (21, 133); -- rice / Stuffed peppers
insert into tags(food_id, ingredient_id) values (21, 166); -- tomato / Stuffed peppers
insert into tags(food_id, ingredient_id) values (21, 75); -- juice / Stuffed peppers
insert into tags(food_id, ingredient_id) values (21, 60); -- flour / Stuffed peppers
insert into tags(food_id, ingredient_id) values (21, 104); -- oil / Stuffed peppers
insert into tags(food_id, ingredient_id) values (21, 137); -- roux / Stuffed peppers
insert into tags(food_id, ingredient_id) values (21, 107); -- onions / Stuffed peppers
insert into tags(food_id, ingredient_id) values (21, 113); -- parsley / Stuffed peppers
insert into tags(food_id, ingredient_id) values (22, 122); -- pork / Stuffed leaves
insert into tags(food_id, ingredient_id) values (22, 13); -- beef / Stuffed leaves
insert into tags(food_id, ingredient_id) values (22, 81); -- kohlrabi / Stuffed leaves
insert into tags(food_id, ingredient_id) values (22, 88); -- lettuce / Stuffed leaves
insert into tags(food_id, ingredient_id) values (22, 23); -- cabbage / Stuffed leaves
insert into tags(food_id, ingredient_id) values (22, 133); -- rice / Stuffed leaves
insert into tags(food_id, ingredient_id) values (22, 99); -- milk / Stuffed leaves
insert into tags(food_id, ingredient_id) values (22, 60); -- flour / Stuffed leaves
insert into tags(food_id, ingredient_id) values (22, 49); -- dill / Stuffed leaves
insert into tags(food_id, ingredient_id) values (22, 138); -- salt / Stuffed leaves
insert into tags(food_id, ingredient_id) values (22, 118); -- pepper / Stuffed leaves
insert into tags(food_id, ingredient_id) values (22, 179); -- vinegar / Stuffed leaves
insert into tags(food_id, ingredient_id) values (23, 190); -- zucchini / Stuffed squash
insert into tags(food_id, ingredient_id) values (23, 157); -- squash / Stuffed squash
insert into tags(food_id, ingredient_id) values (23, 122); -- pork / Stuffed squash
insert into tags(food_id, ingredient_id) values (23, 25); -- carrot / Stuffed squash
insert into tags(food_id, ingredient_id) values (23, 113); -- parsley / Stuffed squash
insert into tags(food_id, ingredient_id) values (23, 133); -- rice / Stuffed squash
insert into tags(food_id, ingredient_id) values (23, 107); -- onions / Stuffed squash
insert into tags(food_id, ingredient_id) values (23, 60); -- flour / Stuffed squash
insert into tags(food_id, ingredient_id) values (23, 99); -- milk / Stuffed squash
insert into tags(food_id, ingredient_id) values (23, 49); -- dill / Stuffed squash
insert into tags(food_id, ingredient_id) values (23, 138); -- salt / Stuffed squash
insert into tags(food_id, ingredient_id) values (23, 118); -- pepper / Stuffed squash
insert into tags(food_id, ingredient_id) values (23, 179); -- vinegar / Stuffed squash
insert into tags(food_id, ingredient_id) values (23, 112); -- paprika / Stuffed squash
insert into tags(food_id, ingredient_id) values (23, 62); -- garlic / Stuffed squash
insert into tags(food_id, ingredient_id) values (23, 40); -- cloves / Stuffed squash
insert into tags(food_id, ingredient_id) values (24, 81); -- kohlrabi / Stuffed kohlrabi
insert into tags(food_id, ingredient_id) values (24, 122); -- pork / Stuffed kohlrabi
insert into tags(food_id, ingredient_id) values (24, 133); -- rice / Stuffed kohlrabi
insert into tags(food_id, ingredient_id) values (24, 138); -- salt / Stuffed kohlrabi
insert into tags(food_id, ingredient_id) values (24, 118); -- pepper / Stuffed kohlrabi
insert into tags(food_id, ingredient_id) values (24, 104); -- oil / Stuffed kohlrabi
insert into tags(food_id, ingredient_id) values (24, 60); -- flour / Stuffed kohlrabi
insert into tags(food_id, ingredient_id) values (24, 164); -- thickening / Stuffed kohlrabi
insert into tags(food_id, ingredient_id) values (24, 113); -- parsley / Stuffed kohlrabi
insert into tags(food_id, ingredient_id) values (25, 107); -- onions / Stuffed onion
insert into tags(food_id, ingredient_id) values (25, 186); -- wine / Stuffed onion
insert into tags(food_id, ingredient_id) values (25, 106); -- onion / Stuffed onion
insert into tags(food_id, ingredient_id) values (25, 122); -- pork / Stuffed onion
insert into tags(food_id, ingredient_id) values (25, 133); -- rice / Stuffed onion
insert into tags(food_id, ingredient_id) values (25, 62); -- garlic / Stuffed onion
insert into tags(food_id, ingredient_id) values (25, 138); -- salt / Stuffed onion
insert into tags(food_id, ingredient_id) values (25, 118); -- pepper / Stuffed onion
insert into tags(food_id, ingredient_id) values (25, 113); -- parsley / Stuffed onion
insert into tags(food_id, ingredient_id) values (25, 13); -- beef / Stuffed onion
insert into tags(food_id, ingredient_id) values (25, 19); -- broth / Stuffed onion
insert into tags(food_id, ingredient_id) values (25, 183); -- whipped / Stuffed onion
insert into tags(food_id, ingredient_id) values (25, 60); -- flour / Stuffed onion
insert into tags(food_id, ingredient_id) values (25, 52); -- egg / Stuffed onion
insert into tags(food_id, ingredient_id) values (26, 12); -- beans / Bean soup with tomato
insert into tags(food_id, ingredient_id) values (26, 122); -- pork / Bean soup with tomato
insert into tags(food_id, ingredient_id) values (26, 149); -- smoked / Bean soup with tomato
insert into tags(food_id, ingredient_id) values (26, 132); -- ribs / Bean soup with tomato
insert into tags(food_id, ingredient_id) values (26, 8); -- bacon / Bean soup with tomato
insert into tags(food_id, ingredient_id) values (26, 107); -- onions / Bean soup with tomato
insert into tags(food_id, ingredient_id) values (26, 62); -- garlic / Bean soup with tomato
insert into tags(food_id, ingredient_id) values (26, 40); -- cloves / Bean soup with tomato
insert into tags(food_id, ingredient_id) values (26, 26); -- carrots / Bean soup with tomato
insert into tags(food_id, ingredient_id) values (26, 168); -- tomatoes / Bean soup with tomato
insert into tags(food_id, ingredient_id) values (26, 118); -- pepper / Bean soup with tomato
insert into tags(food_id, ingredient_id) values (26, 166); -- tomato / Bean soup with tomato
insert into tags(food_id, ingredient_id) values (26, 75); -- juice / Bean soup with tomato
insert into tags(food_id, ingredient_id) values (26, 127); -- puree / Bean soup with tomato
insert into tags(food_id, ingredient_id) values (26, 60); -- flour / Bean soup with tomato
insert into tags(food_id, ingredient_id) values (26, 104); -- oil / Bean soup with tomato
insert into tags(food_id, ingredient_id) values (26, 179); -- vinegar / Bean soup with tomato
insert into tags(food_id, ingredient_id) values (26, 138); -- salt / Bean soup with tomato
insert into tags(food_id, ingredient_id) values (26, 112); -- paprika / Bean soup with tomato
insert into tags(food_id, ingredient_id) values (26, 113); -- parsley / Bean soup with tomato
insert into tags(food_id, ingredient_id) values (27, 149); -- smoked / Bean soup with tarragon
insert into tags(food_id, ingredient_id) values (27, 97); -- meat / Bean soup with tarragon
insert into tags(food_id, ingredient_id) values (27, 122); -- pork / Bean soup with tarragon
insert into tags(food_id, ingredient_id) values (27, 138); -- salt / Bean soup with tarragon
insert into tags(food_id, ingredient_id) values (27, 8); -- bacon / Bean soup with tarragon
insert into tags(food_id, ingredient_id) values (27, 55); -- fat / Bean soup with tarragon
insert into tags(food_id, ingredient_id) values (27, 106); -- onion / Bean soup with tarragon
insert into tags(food_id, ingredient_id) values (27, 12); -- beans / Bean soup with tarragon
insert into tags(food_id, ingredient_id) values (27, 77); -- kidney / Bean soup with tarragon
insert into tags(food_id, ingredient_id) values (27, 104); -- oil / Bean soup with tarragon
insert into tags(food_id, ingredient_id) values (27, 60); -- flour / Bean soup with tarragon
insert into tags(food_id, ingredient_id) values (27, 137); -- roux / Bean soup with tarragon
insert into tags(food_id, ingredient_id) values (27, 164); -- thickening / Bean soup with tarragon
insert into tags(food_id, ingredient_id) values (27, 118); -- pepper / Bean soup with tarragon
insert into tags(food_id, ingredient_id) values (27, 162); -- tarragon / Bean soup with tarragon
insert into tags(food_id, ingredient_id) values (27, 179); -- vinegar / Bean soup with tarragon
insert into tags(food_id, ingredient_id) values (27, 25); -- carrot / Bean soup with tarragon
insert into tags(food_id, ingredient_id) values (27, 113); -- parsley / Bean soup with tarragon
insert into tags(food_id, ingredient_id) values (27, 166); -- tomato / Bean soup with tarragon
insert into tags(food_id, ingredient_id) values (27, 62); -- garlic / Bean soup with tarragon
insert into tags(food_id, ingredient_id) values (27, 75); -- juice / Bean soup with tarragon
insert into tags(food_id, ingredient_id) values (28, 133); -- rice / Horseradish soup
insert into tags(food_id, ingredient_id) values (28, 25); -- carrot / Horseradish soup
insert into tags(food_id, ingredient_id) values (28, 106); -- onion / Horseradish soup
insert into tags(food_id, ingredient_id) values (28, 118); -- pepper / Horseradish soup
insert into tags(food_id, ingredient_id) values (28, 142); -- sausage / Horseradish soup
insert into tags(food_id, ingredient_id) values (28, 38); -- chorizo / Horseradish soup
insert into tags(food_id, ingredient_id) values (28, 149); -- smoked / Horseradish soup
insert into tags(food_id, ingredient_id) values (28, 97); -- meat / Horseradish soup
insert into tags(food_id, ingredient_id) values (28, 99); -- milk / Horseradish soup
insert into tags(food_id, ingredient_id) values (28, 60); -- flour / Horseradish soup
insert into tags(food_id, ingredient_id) values (28, 164); -- thickening / Horseradish soup
insert into tags(food_id, ingredient_id) values (28, 138); -- salt / Horseradish soup
insert into tags(food_id, ingredient_id) values (28, 179); -- vinegar / Horseradish soup
insert into tags(food_id, ingredient_id) values (29, 82); -- lamb / Potato soup with tarragon
insert into tags(food_id, ingredient_id) values (29, 122); -- pork / Potato soup with tarragon
insert into tags(food_id, ingredient_id) values (29, 15); -- bones / Potato soup with tarragon
insert into tags(food_id, ingredient_id) values (29, 55); -- fat / Potato soup with tarragon
insert into tags(food_id, ingredient_id) values (29, 125); -- potatoes / Potato soup with tarragon
insert into tags(food_id, ingredient_id) values (29, 26); -- carrots / Potato soup with tarragon
insert into tags(food_id, ingredient_id) values (29, 106); -- onion / Potato soup with tarragon
insert into tags(food_id, ingredient_id) values (29, 99); -- milk / Potato soup with tarragon
insert into tags(food_id, ingredient_id) values (29, 60); -- flour / Potato soup with tarragon
insert into tags(food_id, ingredient_id) values (29, 164); -- thickening / Potato soup with tarragon
insert into tags(food_id, ingredient_id) values (29, 138); -- salt / Potato soup with tarragon
insert into tags(food_id, ingredient_id) values (29, 118); -- pepper / Potato soup with tarragon
insert into tags(food_id, ingredient_id) values (29, 162); -- tarragon / Potato soup with tarragon
insert into tags(food_id, ingredient_id) values (29, 179); -- vinegar / Potato soup with tarragon
insert into tags(food_id, ingredient_id) values (29, 113); -- parsley / Potato soup with tarragon
insert into tags(food_id, ingredient_id) values (29, 114); -- parsnips / Potato soup with tarragon
insert into tags(food_id, ingredient_id) values (29, 166); -- tomato / Potato soup with tarragon
insert into tags(food_id, ingredient_id) values (30, 82); -- lamb / Lamb soup with tarragon
insert into tags(food_id, ingredient_id) values (30, 132); -- ribs / Lamb soup with tarragon
insert into tags(food_id, ingredient_id) values (30, 15); -- bones / Lamb soup with tarragon
insert into tags(food_id, ingredient_id) values (30, 55); -- fat / Lamb soup with tarragon
insert into tags(food_id, ingredient_id) values (30, 97); -- meat / Lamb soup with tarragon
insert into tags(food_id, ingredient_id) values (30, 106); -- onion / Lamb soup with tarragon
insert into tags(food_id, ingredient_id) values (30, 138); -- salt / Lamb soup with tarragon
insert into tags(food_id, ingredient_id) values (30, 118); -- pepper / Lamb soup with tarragon
insert into tags(food_id, ingredient_id) values (30, 162); -- tarragon / Lamb soup with tarragon
insert into tags(food_id, ingredient_id) values (30, 179); -- vinegar / Lamb soup with tarragon
insert into tags(food_id, ingredient_id) values (30, 21); -- butter / Lamb soup with tarragon
insert into tags(food_id, ingredient_id) values (30, 183); -- whipped / Lamb soup with tarragon
insert into tags(food_id, ingredient_id) values (30, 189); -- yolks / Lamb soup with tarragon
insert into tags(food_id, ingredient_id) values (30, 52); -- egg / Lamb soup with tarragon
insert into tags(food_id, ingredient_id) values (30, 53); -- eggs / Lamb soup with tarragon
insert into tags(food_id, ingredient_id) values (30, 60); -- flour / Lamb soup with tarragon
insert into tags(food_id, ingredient_id) values (30, 133); -- rice / Lamb soup with tarragon
insert into tags(food_id, ingredient_id) values (30, 124); -- potato / Lamb soup with tarragon
insert into tags(food_id, ingredient_id) values (31, 122); -- pork / Lettuce soup with meat
insert into tags(food_id, ingredient_id) values (31, 55); -- fat / Lettuce soup with meat
insert into tags(food_id, ingredient_id) values (31, 15); -- bones / Lettuce soup with meat
insert into tags(food_id, ingredient_id) values (31, 88); -- lettuce / Lettuce soup with meat
insert into tags(food_id, ingredient_id) values (31, 99); -- milk / Lettuce soup with meat
insert into tags(food_id, ingredient_id) values (31, 60); -- flour / Lettuce soup with meat
insert into tags(food_id, ingredient_id) values (31, 62); -- garlic / Lettuce soup with meat
insert into tags(food_id, ingredient_id) values (31, 49); -- dill / Lettuce soup with meat
insert into tags(food_id, ingredient_id) values (31, 106); -- onion / Lettuce soup with meat
insert into tags(food_id, ingredient_id) values (31, 133); -- rice / Lettuce soup with meat
insert into tags(food_id, ingredient_id) values (31, 179); -- vinegar / Lettuce soup with meat
insert into tags(food_id, ingredient_id) values (31, 138); -- salt / Lettuce soup with meat
insert into tags(food_id, ingredient_id) values (32, 12); -- beans / Bean – lettuce soup
insert into tags(food_id, ingredient_id) values (32, 122); -- pork / Bean – lettuce soup
insert into tags(food_id, ingredient_id) values (32, 149); -- smoked / Bean – lettuce soup
insert into tags(food_id, ingredient_id) values (32, 132); -- ribs / Bean – lettuce soup
insert into tags(food_id, ingredient_id) values (32, 8); -- bacon / Bean – lettuce soup
insert into tags(food_id, ingredient_id) values (32, 88); -- lettuce / Bean – lettuce soup
insert into tags(food_id, ingredient_id) values (32, 62); -- garlic / Bean – lettuce soup
insert into tags(food_id, ingredient_id) values (32, 49); -- dill / Bean – lettuce soup
insert into tags(food_id, ingredient_id) values (32, 60); -- flour / Bean – lettuce soup
insert into tags(food_id, ingredient_id) values (32, 99); -- milk / Bean – lettuce soup
insert into tags(food_id, ingredient_id) values (32, 179); -- vinegar / Bean – lettuce soup
insert into tags(food_id, ingredient_id) values (32, 138); -- salt / Bean – lettuce soup
insert into tags(food_id, ingredient_id) values (33, 53); -- eggs / Lettuce soup with eggs
insert into tags(food_id, ingredient_id) values (33, 8); -- bacon / Lettuce soup with eggs
insert into tags(food_id, ingredient_id) values (33, 55); -- fat / Lettuce soup with eggs
insert into tags(food_id, ingredient_id) values (33, 148); -- skin / Lettuce soup with eggs
insert into tags(food_id, ingredient_id) values (33, 88); -- lettuce / Lettuce soup with eggs
insert into tags(food_id, ingredient_id) values (33, 62); -- garlic / Lettuce soup with eggs
insert into tags(food_id, ingredient_id) values (33, 40); -- cloves / Lettuce soup with eggs
insert into tags(food_id, ingredient_id) values (33, 112); -- paprika / Lettuce soup with eggs
insert into tags(food_id, ingredient_id) values (33, 138); -- salt / Lettuce soup with eggs
insert into tags(food_id, ingredient_id) values (33, 118); -- pepper / Lettuce soup with eggs
insert into tags(food_id, ingredient_id) values (33, 179); -- vinegar / Lettuce soup with eggs
insert into tags(food_id, ingredient_id) values (33, 104); -- oil / Lettuce soup with eggs
insert into tags(food_id, ingredient_id) values (33, 60); -- flour / Lettuce soup with eggs
insert into tags(food_id, ingredient_id) values (34, 52); -- egg / Spinach soup
insert into tags(food_id, ingredient_id) values (34, 55); -- fat / Spinach soup
insert into tags(food_id, ingredient_id) values (34, 8); -- bacon / Spinach soup
insert into tags(food_id, ingredient_id) values (34, 152); -- spinach / Spinach soup
insert into tags(food_id, ingredient_id) values (34, 62); -- garlic / Spinach soup
insert into tags(food_id, ingredient_id) values (34, 106); -- onion / Spinach soup
insert into tags(food_id, ingredient_id) values (34, 138); -- salt / Spinach soup
insert into tags(food_id, ingredient_id) values (34, 49); -- dill / Spinach soup
insert into tags(food_id, ingredient_id) values (34, 179); -- vinegar / Spinach soup
insert into tags(food_id, ingredient_id) values (34, 104); -- oil / Spinach soup
insert into tags(food_id, ingredient_id) values (34, 60); -- flour / Spinach soup
insert into tags(food_id, ingredient_id) values (34, 115); -- pasta / Spinach soup
insert into tags(food_id, ingredient_id) values (34, 99); -- milk / Spinach soup
insert into tags(food_id, ingredient_id) values (34, 21); -- butter / Spinach soup
insert into tags(food_id, ingredient_id) values (35, 28); -- cauliflower / Cauliflower soup
insert into tags(food_id, ingredient_id) values (35, 124); -- potato / Cauliflower soup
insert into tags(food_id, ingredient_id) values (35, 133); -- rice / Cauliflower soup
insert into tags(food_id, ingredient_id) values (35, 21); -- butter / Cauliflower soup
insert into tags(food_id, ingredient_id) values (35, 60); -- flour / Cauliflower soup
insert into tags(food_id, ingredient_id) values (35, 138); -- salt / Cauliflower soup
insert into tags(food_id, ingredient_id) values (35, 118); -- pepper / Cauliflower soup
insert into tags(food_id, ingredient_id) values (35, 52); -- egg / Cauliflower soup
insert into tags(food_id, ingredient_id) values (35, 113); -- parsley / Cauliflower soup
insert into tags(food_id, ingredient_id) values (35, 51); -- duck / Cauliflower soup
insert into tags(food_id, ingredient_id) values (35, 65); -- goose / Cauliflower soup
insert into tags(food_id, ingredient_id) values (35, 89); -- liver / Cauliflower soup
insert into tags(food_id, ingredient_id) values (36, 62); -- garlic / Garlic soup
insert into tags(food_id, ingredient_id) values (36, 40); -- cloves / Garlic soup
insert into tags(food_id, ingredient_id) values (36, 99); -- milk / Garlic soup
insert into tags(food_id, ingredient_id) values (36, 183); -- whipped / Garlic soup
insert into tags(food_id, ingredient_id) values (36, 60); -- flour / Garlic soup
insert into tags(food_id, ingredient_id) values (36, 164); -- thickening / Garlic soup
insert into tags(food_id, ingredient_id) values (36, 138); -- salt / Garlic soup
insert into tags(food_id, ingredient_id) values (36, 179); -- vinegar / Garlic soup
insert into tags(food_id, ingredient_id) values (36, 118); -- pepper / Garlic soup
insert into tags(food_id, ingredient_id) values (36, 112); -- paprika / Garlic soup
insert into tags(food_id, ingredient_id) values (36, 53); -- eggs / Garlic soup
insert into tags(food_id, ingredient_id) values (36, 35); -- chicken / Garlic soup
insert into tags(food_id, ingredient_id) values (36, 106); -- onion / Garlic soup
insert into tags(food_id, ingredient_id) values (36, 116); -- peas / Garlic soup
insert into tags(food_id, ingredient_id) values (37, 17); -- bread / Bread soup
insert into tags(food_id, ingredient_id) values (37, 97); -- meat / Bread soup
insert into tags(food_id, ingredient_id) values (37, 19); -- broth / Bread soup
insert into tags(food_id, ingredient_id) values (37, 177); -- vegetables / Bread soup
insert into tags(food_id, ingredient_id) values (37, 106); -- onion / Bread soup
insert into tags(food_id, ingredient_id) values (37, 52); -- egg / Bread soup
insert into tags(food_id, ingredient_id) values (37, 138); -- salt / Bread soup
insert into tags(food_id, ingredient_id) values (37, 118); -- pepper / Bread soup
insert into tags(food_id, ingredient_id) values (37, 37); -- chilli / Bread soup
insert into tags(food_id, ingredient_id) values (38, 35); -- chicken / Thick vegetable soup
insert into tags(food_id, ingredient_id) values (38, 97); -- meat / Thick vegetable soup
insert into tags(food_id, ingredient_id) values (38, 26); -- carrots / Thick vegetable soup
insert into tags(food_id, ingredient_id) values (38, 113); -- parsley / Thick vegetable soup
insert into tags(food_id, ingredient_id) values (38, 30); -- celery / Thick vegetable soup
insert into tags(food_id, ingredient_id) values (38, 106); -- onion / Thick vegetable soup
insert into tags(food_id, ingredient_id) values (38, 166); -- tomato / Thick vegetable soup
insert into tags(food_id, ingredient_id) values (38, 138); -- salt / Thick vegetable soup
insert into tags(food_id, ingredient_id) values (38, 179); -- vinegar / Thick vegetable soup
insert into tags(food_id, ingredient_id) values (38, 104); -- oil / Thick vegetable soup
insert into tags(food_id, ingredient_id) values (38, 60); -- flour / Thick vegetable soup
insert into tags(food_id, ingredient_id) values (39, 88); -- lettuce / The fastest lettuce soup ever
insert into tags(food_id, ingredient_id) values (39, 62); -- garlic / The fastest lettuce soup ever
insert into tags(food_id, ingredient_id) values (39, 40); -- cloves / The fastest lettuce soup ever
insert into tags(food_id, ingredient_id) values (39, 52); -- egg / The fastest lettuce soup ever
insert into tags(food_id, ingredient_id) values (39, 138); -- salt / The fastest lettuce soup ever
insert into tags(food_id, ingredient_id) values (39, 179); -- vinegar / The fastest lettuce soup ever
insert into tags(food_id, ingredient_id) values (39, 8); -- bacon / The fastest lettuce soup ever
insert into tags(food_id, ingredient_id) values (40, 12); -- beans / French bean soup
insert into tags(food_id, ingredient_id) values (40, 26); -- carrots / French bean soup
insert into tags(food_id, ingredient_id) values (40, 108); -- orange / French bean soup
insert into tags(food_id, ingredient_id) values (40, 113); -- parsley / French bean soup
insert into tags(food_id, ingredient_id) values (40, 106); -- onion / French bean soup
insert into tags(food_id, ingredient_id) values (40, 166); -- tomato / French bean soup
insert into tags(food_id, ingredient_id) values (40, 112); -- paprika / French bean soup
insert into tags(food_id, ingredient_id) values (40, 179); -- vinegar / French bean soup
insert into tags(food_id, ingredient_id) values (40, 158); -- sugar / French bean soup
insert into tags(food_id, ingredient_id) values (40, 138); -- salt / French bean soup
insert into tags(food_id, ingredient_id) values (40, 104); -- oil / French bean soup
insert into tags(food_id, ingredient_id) values (40, 60); -- flour / French bean soup
insert into tags(food_id, ingredient_id) values (41, 106); -- onion / Egg soup from Transylvania
insert into tags(food_id, ingredient_id) values (41, 107); -- onions / Egg soup from Transylvania
insert into tags(food_id, ingredient_id) values (41, 104); -- oil / Egg soup from Transylvania
insert into tags(food_id, ingredient_id) values (41, 60); -- flour / Egg soup from Transylvania
insert into tags(food_id, ingredient_id) values (41, 137); -- roux / Egg soup from Transylvania
insert into tags(food_id, ingredient_id) values (41, 112); -- paprika / Egg soup from Transylvania
insert into tags(food_id, ingredient_id) values (41, 179); -- vinegar / Egg soup from Transylvania
insert into tags(food_id, ingredient_id) values (41, 138); -- salt / Egg soup from Transylvania
insert into tags(food_id, ingredient_id) values (41, 118); -- pepper / Egg soup from Transylvania
insert into tags(food_id, ingredient_id) values (41, 53); -- eggs / Egg soup from Transylvania
insert into tags(food_id, ingredient_id) values (42, 125); -- potatoes / Amazingly simple potato soup
insert into tags(food_id, ingredient_id) values (42, 107); -- onions / Amazingly simple potato soup
insert into tags(food_id, ingredient_id) values (42, 138); -- salt / Amazingly simple potato soup
insert into tags(food_id, ingredient_id) values (42, 112); -- paprika / Amazingly simple potato soup
insert into tags(food_id, ingredient_id) values (42, 104); -- oil / Amazingly simple potato soup
insert into tags(food_id, ingredient_id) values (42, 60); -- flour / Amazingly simple potato soup
insert into tags(food_id, ingredient_id) values (43, 23); -- cabbage / Cabbage-tomato soup
insert into tags(food_id, ingredient_id) values (43, 26); -- carrots / Cabbage-tomato soup
insert into tags(food_id, ingredient_id) values (43, 106); -- onion / Cabbage-tomato soup
insert into tags(food_id, ingredient_id) values (43, 168); -- tomatoes / Cabbage-tomato soup
insert into tags(food_id, ingredient_id) values (43, 109); -- oregano / Cabbage-tomato soup
insert into tags(food_id, ingredient_id) values (43, 144); -- savoury / Cabbage-tomato soup
insert into tags(food_id, ingredient_id) values (43, 49); -- dill / Cabbage-tomato soup
insert into tags(food_id, ingredient_id) values (43, 166); -- tomato / Cabbage-tomato soup
insert into tags(food_id, ingredient_id) values (43, 127); -- puree / Cabbage-tomato soup
insert into tags(food_id, ingredient_id) values (43, 104); -- oil / Cabbage-tomato soup
insert into tags(food_id, ingredient_id) values (43, 60); -- flour / Cabbage-tomato soup
insert into tags(food_id, ingredient_id) values (43, 137); -- roux / Cabbage-tomato soup
insert into tags(food_id, ingredient_id) values (43, 138); -- salt / Cabbage-tomato soup
insert into tags(food_id, ingredient_id) values (43, 179); -- vinegar / Cabbage-tomato soup
insert into tags(food_id, ingredient_id) values (44, 25); -- carrot / Sour mushroom soup
insert into tags(food_id, ingredient_id) values (44, 113); -- parsley / Sour mushroom soup
insert into tags(food_id, ingredient_id) values (44, 30); -- celery / Sour mushroom soup
insert into tags(food_id, ingredient_id) values (44, 125); -- potatoes / Sour mushroom soup
insert into tags(food_id, ingredient_id) values (44, 106); -- onion / Sour mushroom soup
insert into tags(food_id, ingredient_id) values (44, 101); -- mushrooms / Sour mushroom soup
insert into tags(food_id, ingredient_id) values (44, 181); -- water / Sour mushroom soup
insert into tags(food_id, ingredient_id) values (44, 138); -- salt / Sour mushroom soup
insert into tags(food_id, ingredient_id) values (44, 118); -- pepper / Sour mushroom soup
insert into tags(food_id, ingredient_id) values (44, 179); -- vinegar / Sour mushroom soup
insert into tags(food_id, ingredient_id) values (44, 112); -- paprika / Sour mushroom soup
insert into tags(food_id, ingredient_id) values (44, 60); -- flour / Sour mushroom soup
insert into tags(food_id, ingredient_id) values (44, 104); -- oil / Sour mushroom soup
insert into tags(food_id, ingredient_id) values (45, 101); -- mushrooms / Mushroom soup
insert into tags(food_id, ingredient_id) values (45, 31); -- champignon / Mushroom soup
insert into tags(food_id, ingredient_id) values (45, 113); -- parsley / Mushroom soup
insert into tags(food_id, ingredient_id) values (45, 107); -- onions / Mushroom soup
insert into tags(food_id, ingredient_id) values (45, 62); -- garlic / Mushroom soup
insert into tags(food_id, ingredient_id) values (45, 40); -- cloves / Mushroom soup
insert into tags(food_id, ingredient_id) values (45, 138); -- salt / Mushroom soup
insert into tags(food_id, ingredient_id) values (45, 118); -- pepper / Mushroom soup
insert into tags(food_id, ingredient_id) values (45, 112); -- paprika / Mushroom soup
insert into tags(food_id, ingredient_id) values (45, 179); -- vinegar / Mushroom soup
insert into tags(food_id, ingredient_id) values (45, 104); -- oil / Mushroom soup
insert into tags(food_id, ingredient_id) values (45, 60); -- flour / Mushroom soup
insert into tags(food_id, ingredient_id) values (45, 136); -- rosemary / Mushroom soup
insert into tags(food_id, ingredient_id) values (45, 93); -- marjoram / Mushroom soup
insert into tags(food_id, ingredient_id) values (46, 26); -- carrots / Tomato soup
insert into tags(food_id, ingredient_id) values (46, 25); -- carrot / Tomato soup
insert into tags(food_id, ingredient_id) values (46, 106); -- onion / Tomato soup
insert into tags(food_id, ingredient_id) values (46, 113); -- parsley / Tomato soup
insert into tags(food_id, ingredient_id) values (46, 168); -- tomatoes / Tomato soup
insert into tags(food_id, ingredient_id) values (46, 166); -- tomato / Tomato soup
insert into tags(food_id, ingredient_id) values (46, 75); -- juice / Tomato soup
insert into tags(food_id, ingredient_id) values (46, 133); -- rice / Tomato soup
insert into tags(food_id, ingredient_id) values (46, 115); -- pasta / Tomato soup
insert into tags(food_id, ingredient_id) values (46, 117); -- penne / Tomato soup
insert into tags(food_id, ingredient_id) values (46, 57); -- fettucine / Tomato soup
insert into tags(food_id, ingredient_id) values (46, 61); -- fusilli / Tomato soup
insert into tags(food_id, ingredient_id) values (46, 104); -- oil / Tomato soup
insert into tags(food_id, ingredient_id) values (46, 60); -- flour / Tomato soup
insert into tags(food_id, ingredient_id) values (46, 138); -- salt / Tomato soup
insert into tags(food_id, ingredient_id) values (47, 52); -- egg / Tiny flour dumpling soup
insert into tags(food_id, ingredient_id) values (47, 60); -- flour / Tiny flour dumpling soup
insert into tags(food_id, ingredient_id) values (47, 138); -- salt / Tiny flour dumpling soup
insert into tags(food_id, ingredient_id) values (47, 125); -- potatoes / Tiny flour dumpling soup
insert into tags(food_id, ingredient_id) values (47, 26); -- carrots / Tiny flour dumpling soup
insert into tags(food_id, ingredient_id) values (47, 106); -- onion / Tiny flour dumpling soup
insert into tags(food_id, ingredient_id) values (47, 113); -- parsley / Tiny flour dumpling soup
insert into tags(food_id, ingredient_id) values (47, 112); -- paprika / Tiny flour dumpling soup
insert into tags(food_id, ingredient_id) values (47, 104); -- oil / Tiny flour dumpling soup
insert into tags(food_id, ingredient_id) values (48, 39); -- cinnamon / Apple soup
insert into tags(food_id, ingredient_id) values (48, 86); -- lemon / Apple soup
insert into tags(food_id, ingredient_id) values (48, 75); -- juice / Apple soup
insert into tags(food_id, ingredient_id) values (48, 52); -- egg / Apple soup
insert into tags(food_id, ingredient_id) values (48, 164); -- thickening / Apple soup
insert into tags(food_id, ingredient_id) values (48, 4); -- apples / Apple soup
insert into tags(food_id, ingredient_id) values (48, 186); -- wine / Apple soup
insert into tags(food_id, ingredient_id) values (48, 10); -- basil / Apple soup
insert into tags(food_id, ingredient_id) values (48, 113); -- parsley / Apple soup
insert into tags(food_id, ingredient_id) values (48, 158); -- sugar / Apple soup
insert into tags(food_id, ingredient_id) values (48, 138); -- salt / Apple soup
insert into tags(food_id, ingredient_id) values (49, 34); -- cherries / Sour cherry soup
insert into tags(food_id, ingredient_id) values (49, 75); -- juice / Sour cherry soup
insert into tags(food_id, ingredient_id) values (49, 106); -- onion / Sour cherry soup
insert into tags(food_id, ingredient_id) values (49, 99); -- milk / Sour cherry soup
insert into tags(food_id, ingredient_id) values (49, 60); -- flour / Sour cherry soup
insert into tags(food_id, ingredient_id) values (49, 164); -- thickening / Sour cherry soup
insert into tags(food_id, ingredient_id) values (49, 113); -- parsley / Sour cherry soup
insert into tags(food_id, ingredient_id) values (49, 86); -- lemon / Sour cherry soup
insert into tags(food_id, ingredient_id) values (49, 171); -- vanilla / Sour cherry soup
insert into tags(food_id, ingredient_id) values (50, 122); -- pork / Dried prune soup
insert into tags(food_id, ingredient_id) values (50, 15); -- bones / Dried prune soup
insert into tags(food_id, ingredient_id) values (50, 149); -- smoked / Dried prune soup
insert into tags(food_id, ingredient_id) values (50, 8); -- bacon / Dried prune soup
insert into tags(food_id, ingredient_id) values (50, 26); -- carrots / Dried prune soup
insert into tags(food_id, ingredient_id) values (50, 133); -- rice / Dried prune soup
insert into tags(food_id, ingredient_id) values (50, 53); -- eggs / Dried prune soup
insert into tags(food_id, ingredient_id) values (50, 104); -- oil / Dried prune soup
insert into tags(food_id, ingredient_id) values (50, 60); -- flour / Dried prune soup
insert into tags(food_id, ingredient_id) values (50, 112); -- paprika / Dried prune soup
insert into tags(food_id, ingredient_id) values (50, 158); -- sugar / Dried prune soup
insert into tags(food_id, ingredient_id) values (50, 138); -- salt / Dried prune soup
insert into tags(food_id, ingredient_id) values (50, 118); -- pepper / Dried prune soup
insert into tags(food_id, ingredient_id) values (50, 86); -- lemon / Dried prune soup
insert into tags(food_id, ingredient_id) values (50, 75); -- juice / Dried prune soup
insert into tags(food_id, ingredient_id) values (50, 126); -- prunes / Dried prune soup
insert into tags(food_id, ingredient_id) values (50, 83); -- lard / Dried prune soup
insert into tags(food_id, ingredient_id) values (52, 177); -- vegetables / Meatball soup
insert into tags(food_id, ingredient_id) values (52, 25); -- carrot / Meatball soup
insert into tags(food_id, ingredient_id) values (52, 113); -- parsley / Meatball soup
insert into tags(food_id, ingredient_id) values (52, 81); -- kohlrabi / Meatball soup
insert into tags(food_id, ingredient_id) values (52, 107); -- onions / Meatball soup
insert into tags(food_id, ingredient_id) values (52, 124); -- potato / Meatball soup
insert into tags(food_id, ingredient_id) values (52, 30); -- celery / Meatball soup
insert into tags(food_id, ingredient_id) values (52, 76); -- kale / Meatball soup
insert into tags(food_id, ingredient_id) values (52, 125); -- potatoes / Meatball soup
insert into tags(food_id, ingredient_id) values (52, 116); -- peas / Meatball soup
insert into tags(food_id, ingredient_id) values (52, 12); -- beans / Meatball soup
insert into tags(food_id, ingredient_id) values (52, 166); -- tomato / Meatball soup
insert into tags(food_id, ingredient_id) values (52, 112); -- paprika / Meatball soup
insert into tags(food_id, ingredient_id) values (52, 138); -- salt / Meatball soup
insert into tags(food_id, ingredient_id) values (52, 175); -- vegeta / Meatball soup
insert into tags(food_id, ingredient_id) values (52, 122); -- pork / Meatball soup
insert into tags(food_id, ingredient_id) values (52, 13); -- beef / Meatball soup
insert into tags(food_id, ingredient_id) values (52, 133); -- rice / Meatball soup
insert into tags(food_id, ingredient_id) values (52, 62); -- garlic / Meatball soup
insert into tags(food_id, ingredient_id) values (52, 118); -- pepper / Meatball soup
insert into tags(food_id, ingredient_id) values (52, 94); -- marrow / Meatball soup
insert into tags(food_id, ingredient_id) values (52, 97); -- meat / Meatball soup
insert into tags(food_id, ingredient_id) values (53, 26); -- carrots / Meatball soup with tarragon
insert into tags(food_id, ingredient_id) values (53, 114); -- parsnips / Meatball soup with tarragon
insert into tags(food_id, ingredient_id) values (53, 30); -- celery / Meatball soup with tarragon
insert into tags(food_id, ingredient_id) values (53, 106); -- onion / Meatball soup with tarragon
insert into tags(food_id, ingredient_id) values (53, 12); -- beans / Meatball soup with tarragon
insert into tags(food_id, ingredient_id) values (53, 116); -- peas / Meatball soup with tarragon
insert into tags(food_id, ingredient_id) values (53, 104); -- oil / Meatball soup with tarragon
insert into tags(food_id, ingredient_id) values (53, 138); -- salt / Meatball soup with tarragon
insert into tags(food_id, ingredient_id) values (53, 118); -- pepper / Meatball soup with tarragon
insert into tags(food_id, ingredient_id) values (53, 98); -- meatballs / Meatball soup with tarragon
insert into tags(food_id, ingredient_id) values (53, 122); -- pork / Meatball soup with tarragon
insert into tags(food_id, ingredient_id) values (53, 20); -- bun / Meatball soup with tarragon
insert into tags(food_id, ingredient_id) values (53, 62); -- garlic / Meatball soup with tarragon
insert into tags(food_id, ingredient_id) values (53, 52); -- egg / Meatball soup with tarragon
insert into tags(food_id, ingredient_id) values (53, 183); -- whipped / Meatball soup with tarragon
insert into tags(food_id, ingredient_id) values (53, 99); -- milk / Meatball soup with tarragon
insert into tags(food_id, ingredient_id) values (53, 60); -- flour / Meatball soup with tarragon
insert into tags(food_id, ingredient_id) values (53, 162); -- tarragon / Meatball soup with tarragon
insert into tags(food_id, ingredient_id) values (53, 179); -- vinegar / Meatball soup with tarragon
insert into tags(food_id, ingredient_id) values (54, 35); -- chicken / Chicken soup with vegetables
insert into tags(food_id, ingredient_id) values (54, 97); -- meat / Chicken soup with vegetables
insert into tags(food_id, ingredient_id) values (54, 102); -- neck / Chicken soup with vegetables
insert into tags(food_id, ingredient_id) values (54, 85); -- legs / Chicken soup with vegetables
insert into tags(food_id, ingredient_id) values (54, 176); -- vegetable / Chicken soup with vegetables
insert into tags(food_id, ingredient_id) values (54, 25); -- carrot / Chicken soup with vegetables
insert into tags(food_id, ingredient_id) values (54, 113); -- parsley / Chicken soup with vegetables
insert into tags(food_id, ingredient_id) values (54, 124); -- potato / Chicken soup with vegetables
insert into tags(food_id, ingredient_id) values (54, 116); -- peas / Chicken soup with vegetables
insert into tags(food_id, ingredient_id) values (54, 12); -- beans / Chicken soup with vegetables
insert into tags(food_id, ingredient_id) values (54, 169); -- turnip / Chicken soup with vegetables
insert into tags(food_id, ingredient_id) values (54, 81); -- kohlrabi / Chicken soup with vegetables
insert into tags(food_id, ingredient_id) values (54, 107); -- onions / Chicken soup with vegetables
insert into tags(food_id, ingredient_id) values (54, 40); -- cloves / Chicken soup with vegetables
insert into tags(food_id, ingredient_id) values (54, 62); -- garlic / Chicken soup with vegetables
insert into tags(food_id, ingredient_id) values (54, 138); -- salt / Chicken soup with vegetables
insert into tags(food_id, ingredient_id) values (54, 118); -- pepper / Chicken soup with vegetables
insert into tags(food_id, ingredient_id) values (54, 86); -- lemon / Chicken soup with vegetables
insert into tags(food_id, ingredient_id) values (54, 75); -- juice / Chicken soup with vegetables
insert into tags(food_id, ingredient_id) values (54, 52); -- egg / Chicken soup with vegetables
insert into tags(food_id, ingredient_id) values (54, 183); -- whipped / Chicken soup with vegetables
